,recommand_1,recommand_2,recommand_3,recommand_4,recommand_5
5207033541,"('睫毛', 'FLOWFUSHI ')","('補妝', 'BEAUTYMAKER')","('保濕', 'KOSE')","('保濕', 'ANGFA')","('底妝', 'BEAUTYMAKER')"
4807003805,"('睫毛', 'others')","('護唇', 'BEAUTYMAKER')","('洗顏', 'KOSE')","('其他', 'LSY')","('睫毛', 'DASODA')"
5404483963,"('遮瑕', 'BEAUTYMAKER')","('睫毛', 'others')","('洗顏', 'KOSE')","('其他', 'others')","('遮瑕', 'DASODA')"
66016135B5,"('保濕', 'KOSE')","('美白', 'KOSE')","('眼線', 'BEAUTYMAKER')","('睫毛', 'Miche Bloomin')","('沐浴', 'KOSE')"
66038737B0,"('睫毛', 'others')","('睫毛', 'DASODA')","('睫毛', 'ANGFA')","('持妝', 'BEAUTYMAKER')","('護唇', 'BEAUTYMAKER')"
70070815F3,"('保濕', 'CureQ')","('底妝', 'others')","('睫毛', 'ANGFA')","('遮瑕', 'DASODA')","('睫毛', 'DASODA')"
5101363334,"('洗髮', 'KOSE')","('去角質', 'CureQ')","('持妝', 'BEAUTYMAKER')","('保濕', 'KOSE')","('睫毛', 'DASODA')"
66059996B4,"('遮瑕', 'BEAUTYMAKER')","('睫毛', 'DASODA')","('遮瑕', 'DASODA')","('其他', 'BEAUTYMAKER')","('眼線', 'BEAUTYMAKER')"
68051448D1,"('睫毛', 'Purish')","('底妝', 'others')","('底妝', 'BEAUTYMAKER')","('眼線', 'FLOWFUSHI ')","('遮瑕', 'BEAUTYMAKER')"
5104182332,"('卸妝', 'KOSE')","('眉毛', 'BEAUTYMAKER')","('持妝', 'KOSE')","('睫毛', 'Purish')","('洗髮', 'KOSE')"
70052187F0,"('睫毛', 'FLOWFUSHI ')","('護唇', 'KOSE')","('持妝', 'BEAUTYMAKER')","('眼線', 'BEAUTYMAKER')","('眼線', 'FLOWFUSHI ')"
70002714F0,"('卸妝', 'BEAUTYMAKER')","('洗顏', 'KOSE')","('眉毛', 'ANGFA')","('持妝', 'KOSE')","('保濕', 'CureQ')"
6.9002E+12,"('底妝', 'others')","('底妝', 'BEAUTYMAKER')","('保濕', 'ANGFA')","('補妝', 'BEAUTYMAKER')","('持妝', 'KOSE')"
5102149631,"('睫毛', 'Miche Bloomin')","('保濕', 'KOSE')","('睫毛', 'ANGFA')","('遮瑕', 'DASODA')","('睫毛', 'DASODA')"
66039125B3,"('卸妝', 'KOSE')","('眼線', 'BEAUTYMAKER')","('保濕', 'KOSE')","('洗顏', 'KOSE')","('遮瑕', 'DASODA')"
67057834C4,"('遮瑕', 'BEAUTYMAKER')","('眉毛', 'ANGFA')","('洗顏', 'KOSE')","('睫毛', 'DASODA')","('洗髮', 'KOSE')"
5301306653,"('美白', 'KOSE')","('洗髮', 'KOSE')","('眼線', 'BEAUTYMAKER')","('眼線', 'FLOWFUSHI ')","('護唇', 'KOSE')"
5305367252,"('睫毛', 'FLOWFUSHI ')","('美白', 'KOSE')","('保濕', 'CureQ')","('保濕', 'BEAUTYMAKER')","('遮瑕', 'BEAUTYMAKER')"
5300513750,"('洗髮', 'ANGFA')","('保濕', 'CureQ')","('持妝', 'BEAUTYMAKER')","('眼線', 'others')","('底妝', 'others')"
5006964621,"('底妝', 'others')","('眉毛', 'ANGFA')","('睫毛', 'DASODA')","('保濕', 'CureQ')","('遮瑕', 'BEAUTYMAKER')"
5305495251,"('卸妝', 'KOSE')","('持妝', 'BEAUTYMAKER')","('卸妝', 'BEAUTYMAKER')","('睫毛', 'Purish')","('睫毛', 'others')"
5605162982,"('睫毛', 'Purish')","('睫毛', 'others')","('遮瑕', 'DASODA')","('洗髮', 'KOSE')","('其他', 'LSY')"
66007971B3,"('底妝', 'BEAUTYMAKER')","('沐浴', 'KOSE')","('眼線', 'BEAUTYMAKER')","('睫毛', 'Purish')","('其他', 'LSY')"
5700430994,"('底妝', 'others')","('卸妝', 'KOSE')","('洗髮', 'KOSE')","('去角質', 'CureQ')","('眼線', 'others')"
68008623D3,"('睫毛', 'Miche Bloomin')","('保濕', 'KOSE')","('美白', 'KOSE')","('睫毛', 'ANGFA')","('其他', 'LSY')"
67068671C4,"('其他', 'LSY')","('睫毛', 'ANGFA')","('護唇', 'BEAUTYMAKER')","('眼線', 'others')","('保濕', 'KOSE')"
4902167012,"('保濕', 'KOSE')","('底妝', 'BEAUTYMAKER')","('眼線', 'FLOWFUSHI ')","('沐浴', 'KOSE')","('美白', 'KOSE')"
6901293200,"('卸妝', 'BEAUTYMAKER')","('睫毛', 'others')","('眉毛', 'BEAUTYMAKER')","('保濕', 'BEAUTYMAKER')","('持妝', 'KOSE')"
5502944074,"('眼線', 'others')","('遮瑕', 'DASODA')","('去角質', 'CureQ')","('洗髮', 'ANGFA')","('沐浴', 'KOSE')"
70006880F4,"('睫毛', 'Miche Bloomin')","('眉毛', 'BEAUTYMAKER')","('保濕', 'KOSE')","('其他', 'others')","('睫毛', 'ANGFA')"
690035690,"('卸妝', 'KOSE')","('睫毛', 'ANGFA')","('睫毛', 'others')","('底妝', 'others')","('洗顏', 'KOSE')"
70030811F4,"('底妝', 'BEAUTYMAKER')","('睫毛', 'FLOWFUSHI ')","('底妝', 'others')","('眉毛', 'ANGFA')","('美白', 'KOSE')"
67034684C0,"('其他', 'LSY')","('沐浴', 'KOSE')","('護唇', 'KOSE')","('遮瑕', 'DASODA')","('眼線', 'FLOWFUSHI ')"
5500055574,"('卸妝', 'BEAUTYMAKER')","('遮瑕', 'BEAUTYMAKER')","('眼線', 'BEAUTYMAKER')","('睫毛', 'others')","('洗髮', 'KOSE')"
5706987290,"('睫毛', 'Purish')","('其他', 'LSY')","('保濕', 'KOSE')","('保濕', 'CureQ')","('補妝', 'BEAUTYMAKER')"
4906977515,"('洗髮', 'KOSE')","('睫毛', 'Miche Bloomin')","('洗髮', 'ANGFA')","('眉毛', 'BEAUTYMAKER')","('美白', 'KOSE')"
5001835620,"('底妝', 'BEAUTYMAKER')","('卸妝', 'BEAUTYMAKER')","('睫毛', 'ANGFA')","('睫毛', 'DASODA')","('遮瑕', 'BEAUTYMAKER')"
5404313462,"('睫毛', 'Miche Bloomin')","('其他', 'LSY')","('保濕', 'KOSE')","('其他', 'others')","('睫毛', 'ANGFA')"
5000580425,"('遮瑕', 'BEAUTYMAKER')","('睫毛', 'others')","('卸妝', 'BEAUTYMAKER')","('睫毛', 'Miche Bloomin')","('洗髮', 'KOSE')"
5301665553,"('睫毛', 'FLOWFUSHI ')","('卸妝', 'KOSE')","('其他', 'BEAUTYMAKER')","('眼線', 'FLOWFUSHI ')","('保濕', 'BEAUTYMAKER')"
70047763F2,"('睫毛', 'others')","('補妝', 'BEAUTYMAKER')","('洗髮', 'KOSE')","('洗顏', 'KOSE')","('護唇', 'BEAUTYMAKER')"
5003954520,"('睫毛', 'Miche Bloomin')","('保濕', 'KOSE')","('保濕', 'BEAUTYMAKER')","('護唇', 'KOSE')","('眉毛', 'BEAUTYMAKER')"
5006919923,"('眼線', 'BEAUTYMAKER')","('睫毛', 'Purish')","('美白', 'KOSE')","('眼線', 'others')","('補妝', 'BEAUTYMAKER')"
5106899431,"('睫毛', 'FLOWFUSHI ')","('護唇', 'BEAUTYMAKER')","('洗顏', 'KOSE')","('持妝', 'BEAUTYMAKER')","('補妝', 'BEAUTYMAKER')"
5307385454,"('遮瑕', 'DASODA')","('其他', 'BEAUTYMAKER')","('美白', 'KOSE')","('底妝', 'others')","('遮瑕', 'BEAUTYMAKER')"
5503733772,"('保濕', 'KOSE')","('睫毛', 'Miche Bloomin')","('保濕', 'BEAUTYMAKER')","('睫毛', 'ANGFA')","('補妝', 'BEAUTYMAKER')"
66055727B0,"('眼線', 'BEAUTYMAKER')","('睫毛', 'Purish')","('保濕', 'KOSE')","('洗髮', 'KOSE')","('眉毛', 'ANGFA')"
68015417D3,"('保濕', 'KOSE')","('去角質', 'CureQ')","('遮瑕', 'DASODA')","('沐浴', 'KOSE')","('底妝', 'BEAUTYMAKER')"
5704998292,"('補妝', 'BEAUTYMAKER')","('底妝', 'others')","('保濕', 'CureQ')","('眼線', 'others')","('睫毛', 'FLOWFUSHI ')"
5000968424,"('睫毛', 'Miche Bloomin')","('美白', 'KOSE')","('睫毛', 'others')","('保濕', 'KOSE')","('保濕', 'CureQ')"
5600737181,"('睫毛', 'FLOWFUSHI ')","('保濕', 'ANGFA')","('睫毛', 'others')","('洗顏', 'KOSE')","('其他', 'others')"
5103718933,"('睫毛', 'Miche Bloomin')","('睫毛', 'ANGFA')","('保濕', 'BEAUTYMAKER')","('保濕', 'KOSE')","('其他', 'LSY')"
66060094B0,"('護唇', 'BEAUTYMAKER')","('其他', 'others')","('眼線', 'FLOWFUSHI ')","('洗髮', 'ANGFA')","('睫毛', 'FLOWFUSHI ')"
5404675862,"('美白', 'KOSE')","('洗髮', 'KOSE')","('保濕', 'BEAUTYMAKER')","('睫毛', 'FLOWFUSHI ')","('睫毛', 'DASODA')"
5706981391,"('睫毛', 'others')","('洗顏', 'KOSE')","('洗髮', 'KOSE')","('護唇', 'BEAUTYMAKER')","('洗髮', 'ANGFA')"
5303305152,"('保濕', 'CureQ')","('眉毛', 'ANGFA')","('睫毛', 'FLOWFUSHI ')","('美白', 'KOSE')","('洗顏', 'KOSE')"
5306812350,"('卸妝', 'KOSE')","('持妝', 'BEAUTYMAKER')","('保濕', 'BEAUTYMAKER')","('眼線', 'others')","('洗顏', 'KOSE')"
70024519F1,"('眼線', 'BEAUTYMAKER')","('美白', 'KOSE')","('眉毛', 'ANGFA')","('睫毛', 'ANGFA')","('其他', 'LSY')"
5104564930,"('洗顏', 'KOSE')","('遮瑕', 'DASODA')","('沐浴', 'KOSE')","('其他', 'others')","('遮瑕', 'BEAUTYMAKER')"
5105843532,"('眼線', 'BEAUTYMAKER')","('美白', 'KOSE')","('底妝', 'BEAUTYMAKER')","('洗髮', 'ANGFA')","('持妝', 'KOSE')"
5202020745,"('睫毛', 'Miche Bloomin')","('眉毛', 'BEAUTYMAKER')","('遮瑕', 'DASODA')","('保濕', 'KOSE')","('其他', 'others')"
68020065D2,"('底妝', 'others')","('美白', 'KOSE')","('睫毛', 'DASODA')","('睫毛', 'others')","('眉毛', 'BEAUTYMAKER')"
65069461A3,"('睫毛', 'Miche Bloomin')","('持妝', 'KOSE')","('睫毛', 'ANGFA')","('眉毛', 'BEAUTYMAKER')","('卸妝', 'KOSE')"
5503419373,"('睫毛', 'Miche Bloomin')","('洗髮', 'KOSE')","('保濕', 'KOSE')","('護唇', 'KOSE')","('保濕', 'CureQ')"
5300912555,"('卸妝', 'KOSE')","('洗顏', 'KOSE')","('眼線', 'FLOWFUSHI ')","('持妝', 'BEAUTYMAKER')","('睫毛', 'FLOWFUSHI ')"
6.90154E+11,"('洗髮', 'KOSE')","('睫毛', 'Purish')","('底妝', 'BEAUTYMAKER')","('持妝', 'BEAUTYMAKER')","('保濕', 'KOSE')"
5301614153,"('其他', 'LSY')","('卸妝', 'KOSE')","('護唇', 'KOSE')","('遮瑕', 'DASODA')","('眉毛', 'BEAUTYMAKER')"
5502455071,"('睫毛', 'DASODA')","('睫毛', 'Miche Bloomin')","('眼線', 'BEAUTYMAKER')","('眉毛', 'BEAUTYMAKER')","('其他', 'BEAUTYMAKER')"
690701230,"('遮瑕', 'BEAUTYMAKER')","('其他', 'LSY')","('洗髮', 'KOSE')","('睫毛', 'Miche Bloomin')","('卸妝', 'KOSE')"
65035407A3,"('護唇', 'BEAUTYMAKER')","('持妝', 'BEAUTYMAKER')","('洗髮', 'KOSE')","('眼線', 'BEAUTYMAKER')","('睫毛', 'others')"
5701681195,"('洗顏', 'KOSE')","('眉毛', 'ANGFA')","('睫毛', 'Purish')","('睫毛', 'DASODA')","('保濕', 'ANGFA')"
5607418280,"('睫毛', 'Miche Bloomin')","('保濕', 'CureQ')","('護唇', 'KOSE')","('持妝', 'BEAUTYMAKER')","('其他', 'others')"
5706969190,"('睫毛', 'FLOWFUSHI ')","('洗髮', 'ANGFA')","('洗顏', 'KOSE')","('持妝', 'BEAUTYMAKER')","('保濕', 'BEAUTYMAKER')"
5003331525,"('保濕', 'KOSE')","('眼線', 'FLOWFUSHI ')","('睫毛', 'others')","('洗髮', 'KOSE')","('護唇', 'KOSE')"
5205852741,"('睫毛', 'Purish')","('保濕', 'KOSE')","('睫毛', 'DASODA')","('眼線', 'BEAUTYMAKER')","('眉毛', 'ANGFA')"
5704243793,"('沐浴', 'KOSE')","('護唇', 'KOSE')","('洗顏', 'KOSE')","('補妝', 'BEAUTYMAKER')","('眼線', 'BEAUTYMAKER')"
5706770992,"('卸妝', 'KOSE')","('睫毛', 'Miche Bloomin')","('遮瑕', 'DASODA')","('眼線', 'others')","('其他', 'LSY')"
5300249150,"('保濕', 'BEAUTYMAKER')","('睫毛', 'Miche Bloomin')","('眼線', 'others')","('眉毛', 'ANGFA')","('其他', 'LSY')"
5600009581,"('睫毛', 'others')","('卸妝', 'BEAUTYMAKER')","('持妝', 'BEAUTYMAKER')","('其他', 'LSY')","('底妝', 'others')"
5305841450,"('保濕', 'KOSE')","('補妝', 'BEAUTYMAKER')","('睫毛', 'Miche Bloomin')","('睫毛', 'others')","('保濕', 'BEAUTYMAKER')"
5300533754,"('持妝', 'KOSE')","('保濕', 'ANGFA')","('睫毛', 'ANGFA')","('眉毛', 'BEAUTYMAKER')","('遮瑕', 'DASODA')"
5000449324,"('護唇', 'KOSE')","('其他', 'others')","('遮瑕', 'DASODA')","('沐浴', 'KOSE')","('護唇', 'BEAUTYMAKER')"
5000401823,"('睫毛', 'Miche Bloomin')","('保濕', 'KOSE')","('眼線', 'FLOWFUSHI ')","('底妝', 'others')","('保濕', 'CureQ')"
4803019306,"('其他', 'others')","('護唇', 'KOSE')","('保濕', 'CureQ')","('美白', 'KOSE')","('持妝', 'KOSE')"
4906721510,"('護唇', 'BEAUTYMAKER')","('其他', 'others')","('保濕', 'KOSE')","('睫毛', 'ANGFA')","('睫毛', 'others')"
70042299F0,"('保濕', 'KOSE')","('沐浴', 'KOSE')","('眼線', 'BEAUTYMAKER')","('底妝', 'others')","('睫毛', 'Miche Bloomin')"
4807044006,"('睫毛', 'Purish')","('持妝', 'BEAUTYMAKER')","('沐浴', 'KOSE')","('底妝', 'BEAUTYMAKER')","('眼線', 'others')"
5103162430,"('補妝', 'BEAUTYMAKER')","('睫毛', 'Miche Bloomin')","('保濕', 'CureQ')","('遮瑕', 'BEAUTYMAKER')","('底妝', 'BEAUTYMAKER')"
5105005930,"('睫毛', 'Miche Bloomin')","('保濕', 'KOSE')","('眼線', 'BEAUTYMAKER')","('補妝', 'BEAUTYMAKER')","('去角質', 'CureQ')"
4901325410,"('睫毛', 'FLOWFUSHI ')","('底妝', 'others')","('沐浴', 'KOSE')","('其他', 'BEAUTYMAKER')","('睫毛', 'Purish')"
70013714F1,"('美白', 'KOSE')","('保濕', 'KOSE')","('睫毛', 'ANGFA')","('眼線', 'others')","('底妝', 'others')"
5100922032,"('保濕', 'KOSE')","('睫毛', 'Miche Bloomin')","('持妝', 'KOSE')","('保濕', 'BEAUTYMAKER')","('其他', 'LSY')"
5303610350,"('睫毛', 'Miche Bloomin')","('底妝', 'BEAUTYMAKER')","('眉毛', 'BEAUTYMAKER')","('保濕', 'KOSE')","('其他', 'LSY')"
5707138591,"('保濕', 'KOSE')","('睫毛', 'FLOWFUSHI ')","('睫毛', 'ANGFA')","('護唇', 'BEAUTYMAKER')","('卸妝', 'BEAUTYMAKER')"
70001425F2,"('眉毛', 'ANGFA')","('補妝', 'BEAUTYMAKER')","('睫毛', 'Purish')","('睫毛', 'FLOWFUSHI ')","('底妝', 'BEAUTYMAKER')"
70071215F3,"('持妝', 'BEAUTYMAKER')","('遮瑕', 'DASODA')","('睫毛', 'others')","('底妝', 'others')","('遮瑕', 'BEAUTYMAKER')"
68055694D4,"('洗髮', 'ANGFA')","('護唇', 'BEAUTYMAKER')","('睫毛', 'others')","('卸妝', 'BEAUTYMAKER')","('持妝', 'BEAUTYMAKER')"
5407219565,"('眼線', 'FLOWFUSHI ')","('保濕', 'ANGFA')","('遮瑕', 'BEAUTYMAKER')","('睫毛', 'others')","('保濕', 'CureQ')"
5102030333,"('保濕', 'KOSE')","('睫毛', 'ANGFA')","('遮瑕', 'BEAUTYMAKER')","('卸妝', 'KOSE')","('其他', 'BEAUTYMAKER')"
5104192033,"('卸妝', 'KOSE')","('眼線', 'BEAUTYMAKER')","('洗髮', 'KOSE')","('洗顏', 'KOSE')","('遮瑕', 'DASODA')"
5401162260,"('保濕', 'ANGFA')","('眉毛', 'BEAUTYMAKER')","('遮瑕', 'DASODA')","('睫毛', 'others')","('其他', 'others')"
5401745665,"('睫毛', 'DASODA')","('去角質', 'CureQ')","('洗髮', 'ANGFA')","('護唇', 'BEAUTYMAKER')","('其他', 'BEAUTYMAKER')"
6.90445E+11,"('睫毛', 'FLOWFUSHI ')","('睫毛', 'Miche Bloomin')","('洗顏', 'KOSE')","('眼線', 'FLOWFUSHI ')","('眼線', 'BEAUTYMAKER')"
5404719563,"('睫毛', 'Purish')","('底妝', 'BEAUTYMAKER')","('沐浴', 'KOSE')","('保濕', 'CureQ')","('持妝', 'BEAUTYMAKER')"
5503066274,"('眼線', 'BEAUTYMAKER')","('睫毛', 'FLOWFUSHI ')","('洗顏', 'KOSE')","('睫毛', 'others')","('護唇', 'KOSE')"
5701747092,"('卸妝', 'KOSE')","('底妝', 'others')","('去角質', 'CureQ')","('保濕', 'BEAUTYMAKER')","('睫毛', 'Purish')"
66036609B0,"('遮瑕', 'BEAUTYMAKER')","('其他', 'LSY')","('保濕', 'BEAUTYMAKER')","('保濕', 'CureQ')","('睫毛', 'DASODA')"
4906579313,"('睫毛', 'ANGFA')","('保濕', 'KOSE')","('睫毛', 'Miche Bloomin')","('保濕', 'CureQ')","('眼線', 'BEAUTYMAKER')"
4903316115,"('遮瑕', 'BEAUTYMAKER')","('卸妝', 'BEAUTYMAKER')","('眉毛', 'BEAUTYMAKER')","('睫毛', 'Miche Bloomin')","('洗髮', 'KOSE')"
67021096C4,"('卸妝', 'KOSE')","('眼線', 'BEAUTYMAKER')","('卸妝', 'BEAUTYMAKER')","('睫毛', 'Purish')","('持妝', 'KOSE')"
5001814025,"('保濕', 'CureQ')","('睫毛', 'Purish')","('睫毛', 'Miche Bloomin')","('眉毛', 'BEAUTYMAKER')","('睫毛', 'FLOWFUSHI ')"
5305761051,"('其他', 'others')","('眼線', 'others')","('護唇', 'KOSE')","('洗髮', 'ANGFA')","('睫毛', 'Purish')"
70037940F2,"('卸妝', 'KOSE')","('眼線', 'others')","('遮瑕', 'BEAUTYMAKER')","('睫毛', 'others')","('底妝', 'others')"
5203130242,"('睫毛', 'Purish')","('其他', 'others')","('保濕', 'ANGFA')","('持妝', 'BEAUTYMAKER')","('睫毛', 'FLOWFUSHI ')"
70013622F0,"('護唇', 'BEAUTYMAKER')","('其他', 'BEAUTYMAKER')","('保濕', 'KOSE')","('遮瑕', 'DASODA')","('眉毛', 'ANGFA')"
4803952302,"('洗顏', 'KOSE')","('睫毛', 'DASODA')","('其他', 'BEAUTYMAKER')","('保濕', 'CureQ')","('護唇', 'KOSE')"
5705344194,"('眉毛', 'BEAUTYMAKER')","('遮瑕', 'DASODA')","('眉毛', 'ANGFA')","('底妝', 'BEAUTYMAKER')","('遮瑕', 'BEAUTYMAKER')"
5700227591,"('睫毛', 'Miche Bloomin')","('沐浴', 'KOSE')","('卸妝', 'BEAUTYMAKER')","('其他', 'LSY')","('眼線', 'BEAUTYMAKER')"
65016975A2,"('保濕', 'CureQ')","('睫毛', 'others')","('底妝', 'others')","('睫毛', 'Purish')","('補妝', 'BEAUTYMAKER')"
70025923F4,"('睫毛', 'others')","('底妝', 'others')","('其他', 'LSY')","('其他', 'others')","('洗髮', 'ANGFA')"
5401928462,"('睫毛', 'FLOWFUSHI ')","('補妝', 'BEAUTYMAKER')","('持妝', 'BEAUTYMAKER')","('保濕', 'CureQ')","('保濕', 'ANGFA')"
6.90315E+11,"('保濕', 'KOSE')","('遮瑕', 'DASODA')","('補妝', 'BEAUTYMAKER')","('沐浴', 'KOSE')","('去角質', 'CureQ')"
5305803153,"('睫毛', 'FLOWFUSHI ')","('沐浴', 'KOSE')","('美白', 'KOSE')","('保濕', 'KOSE')","('保濕', 'BEAUTYMAKER')"
70025363F5,"('保濕', 'KOSE')","('睫毛', 'Purish')","('睫毛', 'ANGFA')","('睫毛', 'DASODA')","('其他', 'LSY')"
4907094910,"('其他', 'others')","('洗顏', 'KOSE')","('沐浴', 'KOSE')","('遮瑕', 'DASODA')","('洗髮', 'ANGFA')"
4805610803,"('洗顏', 'KOSE')","('睫毛', 'others')","('洗髮', 'ANGFA')","('補妝', 'BEAUTYMAKER')","('眼線', 'BEAUTYMAKER')"
5306760652,"('睫毛', 'Miche Bloomin')","('卸妝', 'BEAUTYMAKER')","('其他', 'LSY')","('其他', 'others')","('持妝', 'KOSE')"
67014735C3,"('底妝', 'others')","('其他', 'BEAUTYMAKER')","('洗髮', 'KOSE')","('眼線', 'FLOWFUSHI ')","('睫毛', 'others')"
70069226F1,"('睫毛', 'others')","('遮瑕', 'BEAUTYMAKER')","('其他', 'LSY')","('護唇', 'BEAUTYMAKER')","('底妝', 'BEAUTYMAKER')"
67002815C2,"('保濕', 'BEAUTYMAKER')","('美白', 'KOSE')","('眼線', 'FLOWFUSHI ')","('其他', 'BEAUTYMAKER')","('補妝', 'BEAUTYMAKER')"
5601777584,"('眼線', 'BEAUTYMAKER')","('睫毛', 'Miche Bloomin')","('沐浴', 'KOSE')","('睫毛', 'Purish')","('眉毛', 'ANGFA')"
5603547385,"('睫毛', 'Purish')","('卸妝', 'BEAUTYMAKER')","('保濕', 'KOSE')","('護唇', 'KOSE')","('洗髮', 'ANGFA')"
4903980012,"('卸妝', 'BEAUTYMAKER')","('持妝', 'KOSE')","('保濕', 'BEAUTYMAKER')","('洗髮', 'KOSE')","('護唇', 'BEAUTYMAKER')"
5700913895,"('睫毛', 'others')","('保濕', 'BEAUTYMAKER')","('底妝', 'others')","('眼線', 'BEAUTYMAKER')","('去角質', 'CureQ')"
5200167545,"('睫毛', 'others')","('睫毛', 'Miche Bloomin')","('睫毛', 'FLOWFUSHI ')","('洗顏', 'KOSE')","('眉毛', 'BEAUTYMAKER')"
5207127940,"('其他', 'others')","('保濕', 'BEAUTYMAKER')","('保濕', 'ANGFA')","('眼線', 'others')","('保濕', 'KOSE')"
5102098630,"('眼線', 'FLOWFUSHI ')","('睫毛', 'Purish')","('睫毛', 'FLOWFUSHI ')","('保濕', 'CureQ')","('洗髮', 'KOSE')"
5702485692,"('睫毛', 'FLOWFUSHI ')","('眼線', 'FLOWFUSHI ')","('睫毛', 'DASODA')","('其他', 'BEAUTYMAKER')","('其他', 'others')"
4807113801,"('睫毛', 'others')","('卸妝', 'KOSE')","('底妝', 'others')","('睫毛', 'FLOWFUSHI ')","('保濕', 'CureQ')"
5206925741,"('補妝', 'BEAUTYMAKER')","('其他', 'LSY')","('睫毛', 'ANGFA')","('保濕', 'KOSE')","('美白', 'KOSE')"
70041446F5,"('護唇', 'KOSE')","('眼線', 'BEAUTYMAKER')","('睫毛', 'FLOWFUSHI ')","('眉毛', 'ANGFA')","('睫毛', 'Miche Bloomin')"
68073242D5,"('睫毛', 'others')","('洗髮', 'ANGFA')","('其他', 'others')","('遮瑕', 'DASODA')","('底妝', 'BEAUTYMAKER')"
5501147671,"('睫毛', 'Purish')","('底妝', 'BEAUTYMAKER')","('洗髮', 'KOSE')","('持妝', 'KOSE')","('睫毛', 'others')"
5303225353,"('睫毛', 'DASODA')","('其他', 'BEAUTYMAKER')","('睫毛', 'ANGFA')","('卸妝', 'BEAUTYMAKER')","('眼線', 'others')"
5007079925,"('睫毛', 'Purish')","('保濕', 'KOSE')","('卸妝', 'KOSE')","('眉毛', 'ANGFA')","('睫毛', 'ANGFA')"
70062102F2,"('眉毛', 'BEAUTYMAKER')","('睫毛', 'Miche Bloomin')","('卸妝', 'KOSE')","('遮瑕', 'DASODA')","('眼線', 'BEAUTYMAKER')"
67071147C0,"('保濕', 'KOSE')","('睫毛', 'others')","('睫毛', 'Purish')","('遮瑕', 'DASODA')","('沐浴', 'KOSE')"
5700858491,"('睫毛', 'Miche Bloomin')","('洗髮', 'KOSE')","('保濕', 'KOSE')","('其他', 'LSY')","('眼線', 'BEAUTYMAKER')"
5603832880,"('遮瑕', 'DASODA')","('護唇', 'KOSE')","('保濕', 'CureQ')","('睫毛', 'Miche Bloomin')","('其他', 'others')"
5001648520,"('保濕', 'CureQ')","('睫毛', 'ANGFA')","('睫毛', 'Miche Bloomin')","('眉毛', 'BEAUTYMAKER')","('遮瑕', 'BEAUTYMAKER')"
5300567655,"('睫毛', 'Miche Bloomin')","('美白', 'KOSE')","('底妝', 'BEAUTYMAKER')","('保濕', 'BEAUTYMAKER')","('遮瑕', 'BEAUTYMAKER')"
5102462233,"('其他', 'others')","('去角質', 'CureQ')","('洗髮', 'KOSE')","('洗顏', 'KOSE')","('睫毛', 'FLOWFUSHI ')"
5200008940,"('沐浴', 'KOSE')","('持妝', 'BEAUTYMAKER')","('護唇', 'KOSE')","('眼線', 'FLOWFUSHI ')","('遮瑕', 'BEAUTYMAKER')"
5400093365,"('睫毛', 'Miche Bloomin')","('遮瑕', 'BEAUTYMAKER')","('眼線', 'BEAUTYMAKER')","('補妝', 'BEAUTYMAKER')","('保濕', 'BEAUTYMAKER')"
5704685494,"('睫毛', 'ANGFA')","('遮瑕', 'DASODA')","('其他', 'others')","('卸妝', 'KOSE')","('睫毛', 'DASODA')"
5605133984,"('睫毛', 'DASODA')","('眉毛', 'BEAUTYMAKER')","('睫毛', 'Purish')","('眉毛', 'ANGFA')","('其他', 'BEAUTYMAKER')"
65010535A5,"('眉毛', 'ANGFA')","('睫毛', 'ANGFA')","('保濕', 'CureQ')","('遮瑕', 'DASODA')","('睫毛', 'Miche Bloomin')"
4906819116,"('睫毛', 'Purish')","('保濕', 'KOSE')","('卸妝', 'BEAUTYMAKER')","('洗髮', 'KOSE')","('眉毛', 'ANGFA')"
5303069951,"('眉毛', 'ANGFA')","('其他', 'others')","('持妝', 'BEAUTYMAKER')","('洗顏', 'KOSE')","('睫毛', 'FLOWFUSHI ')"
5403889165,"('其他', 'others')","('洗髮', 'ANGFA')","('眼線', 'FLOWFUSHI ')","('洗顏', 'KOSE')","('睫毛', 'others')"
5703160390,"('持妝', 'BEAUTYMAKER')","('眼線', 'BEAUTYMAKER')","('沐浴', 'KOSE')","('護唇', 'BEAUTYMAKER')","('卸妝', 'BEAUTYMAKER')"
5102126932,"('底妝', 'BEAUTYMAKER')","('保濕', 'ANGFA')","('睫毛', 'others')","('底妝', 'others')","('卸妝', 'BEAUTYMAKER')"
5505063972,"('其他', 'BEAUTYMAKER')","('去角質', 'CureQ')","('卸妝', 'KOSE')","('洗髮', 'ANGFA')","('保濕', 'BEAUTYMAKER')"
5002178824,"('持妝', 'BEAUTYMAKER')","('其他', 'LSY')","('眼線', 'others')","('美白', 'KOSE')","('保濕', 'ANGFA')"
5303560750,"('眉毛', 'ANGFA')","('洗顏', 'KOSE')","('其他', 'others')","('保濕', 'ANGFA')","('遮瑕', 'DASODA')"
5305931751,"('卸妝', 'KOSE')","('持妝', 'BEAUTYMAKER')","('底妝', 'BEAUTYMAKER')","('睫毛', 'others')","('眼線', 'others')"
68042825D0,"('洗髮', 'KOSE')","('卸妝', 'KOSE')","('睫毛', 'DASODA')","('洗顏', 'KOSE')","('眼線', 'others')"
65026961A1,"('睫毛', 'Purish')","('洗顏', 'KOSE')","('眼線', 'FLOWFUSHI ')","('睫毛', 'FLOWFUSHI ')","('保濕', 'KOSE')"
5501610271,"('其他', 'LSY')","('睫毛', 'ANGFA')","('遮瑕', 'DASODA')","('睫毛', 'Miche Bloomin')","('底妝', 'others')"
5305889651,"('洗顏', 'KOSE')","('眼線', 'BEAUTYMAKER')","('睫毛', 'others')","('護唇', 'BEAUTYMAKER')","('護唇', 'KOSE')"
68025228D1,"('持妝', 'KOSE')","('眉毛', 'ANGFA')","('卸妝', 'BEAUTYMAKER')","('睫毛', 'others')","('睫毛', 'Purish')"
5704062295,"('遮瑕', 'BEAUTYMAKER')","('去角質', 'CureQ')","('護唇', 'KOSE')","('保濕', 'BEAUTYMAKER')","('睫毛', 'FLOWFUSHI ')"
5201865945,"('補妝', 'BEAUTYMAKER')","('睫毛', 'FLOWFUSHI ')","('睫毛', 'Miche Bloomin')","('保濕', 'BEAUTYMAKER')","('沐浴', 'KOSE')"
5207080843,"('洗顏', 'KOSE')","('保濕', 'ANGFA')","('睫毛', 'Purish')","('持妝', 'KOSE')","('卸妝', 'KOSE')"
5705683393,"('眉毛', 'ANGFA')","('洗髮', 'ANGFA')","('睫毛', 'DASODA')","('睫毛', 'Purish')","('持妝', 'BEAUTYMAKER')"
5106524731,"('眼線', 'others')","('底妝', 'others')","('保濕', 'BEAUTYMAKER')","('保濕', 'CureQ')","('去角質', 'CureQ')"
66052431B0,"('睫毛', 'Miche Bloomin')","('保濕', 'KOSE')","('其他', 'others')","('沐浴', 'KOSE')","('美白', 'KOSE')"
5102929635,"('遮瑕', 'BEAUTYMAKER')","('持妝', 'BEAUTYMAKER')","('眉毛', 'ANGFA')","('洗顏', 'KOSE')","('護唇', 'KOSE')"
70016745F2,"('補妝', 'BEAUTYMAKER')","('睫毛', 'Purish')","('睫毛', 'others')","('卸妝', 'BEAUTYMAKER')","('護唇', 'BEAUTYMAKER')"
66024983B2,"('補妝', 'BEAUTYMAKER')","('眼線', 'BEAUTYMAKER')","('眉毛', 'ANGFA')","('美白', 'KOSE')","('護唇', 'KOSE')"
5001504725,"('眉毛', 'ANGFA')","('睫毛', 'DASODA')","('其他', 'BEAUTYMAKER')","('美白', 'KOSE')","('底妝', 'others')"
5403764162,"('睫毛', 'others')","('眼線', 'BEAUTYMAKER')","('保濕', 'KOSE')","('底妝', 'BEAUTYMAKER')","('補妝', 'BEAUTYMAKER')"
4804482902,"('保濕', 'BEAUTYMAKER')","('洗髮', 'KOSE')","('睫毛', 'Miche Bloomin')","('卸妝', 'BEAUTYMAKER')","('睫毛', 'FLOWFUSHI ')"
5607014182,"('睫毛', 'Miche Bloomin')","('卸妝', 'KOSE')","('持妝', 'BEAUTYMAKER')","('洗顏', 'KOSE')","('其他', 'LSY')"
5507118173,"('護唇', 'BEAUTYMAKER')","('洗髮', 'KOSE')","('保濕', 'KOSE')","('睫毛', 'FLOWFUSHI ')","('補妝', 'BEAUTYMAKER')"
67006674C5,"('保濕', 'KOSE')","('睫毛', 'others')","('護唇', 'KOSE')","('其他', 'others')","('洗顏', 'KOSE')"
67031996C0,"('保濕', 'CureQ')","('遮瑕', 'BEAUTYMAKER')","('保濕', 'ANGFA')","('補妝', 'BEAUTYMAKER')","('美白', 'KOSE')"
65034538A2,"('睫毛', 'others')","('睫毛', 'FLOWFUSHI ')","('洗顏', 'KOSE')","('遮瑕', 'BEAUTYMAKER')","('護唇', 'BEAUTYMAKER')"
5602343884,"('持妝', 'BEAUTYMAKER')","('洗顏', 'KOSE')","('沐浴', 'KOSE')","('眉毛', 'BEAUTYMAKER')","('其他', 'others')"
5405274762,"('去角質', 'CureQ')","('睫毛', 'ANGFA')","('遮瑕', 'BEAUTYMAKER')","('其他', 'BEAUTYMAKER')","('眼線', 'BEAUTYMAKER')"
5102757933,"('遮瑕', 'DASODA')","('洗顏', 'KOSE')","('護唇', 'KOSE')","('卸妝', 'KOSE')","('睫毛', 'Purish')"
5505079472,"('保濕', 'BEAUTYMAKER')","('補妝', 'BEAUTYMAKER')","('洗髮', 'KOSE')","('底妝', 'others')","('底妝', 'BEAUTYMAKER')"
4906971915,"('遮瑕', 'BEAUTYMAKER')","('保濕', 'KOSE')","('護唇', 'KOSE')","('底妝', 'others')","('保濕', 'BEAUTYMAKER')"
5702904694,"('保濕', 'KOSE')","('睫毛', 'Purish')","('眼線', 'FLOWFUSHI ')","('洗顏', 'KOSE')","('遮瑕', 'DASODA')"
5402119462,"('洗顏', 'KOSE')","('睫毛', 'FLOWFUSHI ')","('睫毛', 'others')","('其他', 'LSY')","('睫毛', 'ANGFA')"
65002178A2,"('睫毛', 'Miche Bloomin')","('保濕', 'CureQ')","('洗髮', 'KOSE')","('卸妝', 'BEAUTYMAKER')","('保濕', 'ANGFA')"
5500190271,"('睫毛', 'FLOWFUSHI ')","('護唇', 'KOSE')","('其他', 'others')","('睫毛', 'Miche Bloomin')","('保濕', 'KOSE')"
68044297D2,"('眼線', 'others')","('洗髮', 'KOSE')","('護唇', 'KOSE')","('持妝', 'KOSE')","('持妝', 'BEAUTYMAKER')"
68070089D5,"('遮瑕', 'BEAUTYMAKER')","('睫毛', 'Miche Bloomin')","('護唇', 'BEAUTYMAKER')","('去角質', 'CureQ')","('持妝', 'BEAUTYMAKER')"
5006910520,"('保濕', 'KOSE')","('卸妝', 'BEAUTYMAKER')","('持妝', 'BEAUTYMAKER')","('眼線', 'FLOWFUSHI ')","('遮瑕', 'BEAUTYMAKER')"
5500921374,"('睫毛', 'Purish')","('底妝', 'BEAUTYMAKER')","('遮瑕', 'BEAUTYMAKER')","('睫毛', 'DASODA')","('保濕', 'CureQ')"
4903286716,"('睫毛', 'Miche Bloomin')","('保濕', 'BEAUTYMAKER')","('卸妝', 'KOSE')","('卸妝', 'BEAUTYMAKER')","('眉毛', 'BEAUTYMAKER')"
6.90701E+11,"('卸妝', 'KOSE')","('眼線', 'FLOWFUSHI ')","('保濕', 'KOSE')","('睫毛', 'Purish')","('護唇', 'KOSE')"
5603855285,"('保濕', 'KOSE')","('睫毛', 'ANGFA')","('眼線', 'BEAUTYMAKER')","('美白', 'KOSE')","('持妝', 'KOSE')"
65047614A0,"('卸妝', 'KOSE')","('睫毛', 'ANGFA')","('睫毛', 'DASODA')","('遮瑕', 'DASODA')","('眉毛', 'BEAUTYMAKER')"
5701707794,"('洗顏', 'KOSE')","('眼線', 'others')","('卸妝', 'KOSE')","('眼線', 'FLOWFUSHI ')","('睫毛', 'others')"
5200810141,"('洗髮', 'KOSE')","('眼線', 'BEAUTYMAKER')","('去角質', 'CureQ')","('保濕', 'KOSE')","('睫毛', 'DASODA')"
65009356A1,"('遮瑕', 'DASODA')","('睫毛', 'ANGFA')","('卸妝', 'KOSE')","('沐浴', 'KOSE')","('眼線', 'BEAUTYMAKER')"
5300165354,"('洗顏', 'KOSE')","('洗髮', 'ANGFA')","('眼線', 'FLOWFUSHI ')","('洗髮', 'KOSE')","('持妝', 'KOSE')"
66041280B0,"('保濕', 'KOSE')","('其他', 'BEAUTYMAKER')","('睫毛', 'DASODA')","('卸妝', 'KOSE')","('眉毛', 'BEAUTYMAKER')"
5003327523,"('持妝', 'BEAUTYMAKER')","('卸妝', 'BEAUTYMAKER')","('眉毛', 'ANGFA')","('其他', 'BEAUTYMAKER')","('持妝', 'KOSE')"
5106010033,"('眼線', 'FLOWFUSHI ')","('睫毛', 'ANGFA')","('保濕', 'KOSE')","('底妝', 'BEAUTYMAKER')","('補妝', 'BEAUTYMAKER')"
65037796A3,"('保濕', 'CureQ')","('底妝', 'others')","('補妝', 'BEAUTYMAKER')","('卸妝', 'BEAUTYMAKER')","('睫毛', 'Purish')"
4806970505,"('睫毛', 'FLOWFUSHI ')","('保濕', 'ANGFA')","('底妝', 'others')","('持妝', 'BEAUTYMAKER')","('補妝', 'BEAUTYMAKER')"
5101285732,"('睫毛', 'Miche Bloomin')","('其他', 'others')","('護唇', 'KOSE')","('睫毛', 'ANGFA')","('保濕', 'KOSE')"
5203351942,"('遮瑕', 'DASODA')","('底妝', 'others')","('睫毛', 'Miche Bloomin')","('沐浴', 'KOSE')","('保濕', 'CureQ')"
5507465074,"('其他', 'others')","('睫毛', 'DASODA')","('遮瑕', 'BEAUTYMAKER')","('眉毛', 'BEAUTYMAKER')","('睫毛', 'others')"
5506618770,"('睫毛', 'Purish')","('保濕', 'CureQ')","('眉毛', 'BEAUTYMAKER')","('補妝', 'BEAUTYMAKER')","('底妝', 'BEAUTYMAKER')"
5102085634,"('卸妝', 'KOSE')","('眉毛', 'ANGFA')","('洗顏', 'KOSE')","('卸妝', 'BEAUTYMAKER')","('遮瑕', 'BEAUTYMAKER')"
5400647764,"('護唇', 'KOSE')","('遮瑕', 'BEAUTYMAKER')","('眼線', 'BEAUTYMAKER')","('眉毛', 'ANGFA')","('其他', 'others')"
5202948743,"('眉毛', 'ANGFA')","('睫毛', 'Purish')","('遮瑕', 'BEAUTYMAKER')","('洗髮', 'KOSE')","('持妝', 'KOSE')"
67036896C0,"('保濕', 'KOSE')","('持妝', 'KOSE')","('其他', 'others')","('洗顏', 'KOSE')","('卸妝', 'BEAUTYMAKER')"
5101196430,"('眼線', 'others')","('睫毛', 'DASODA')","('眉毛', 'BEAUTYMAKER')","('保濕', 'BEAUTYMAKER')","('持妝', 'KOSE')"
5600261180,"('底妝', 'others')","('去角質', 'CureQ')","('洗髮', 'KOSE')","('眼線', 'BEAUTYMAKER')","('眼線', 'others')"
5100973434,"('遮瑕', 'DASODA')","('睫毛', 'Purish')","('底妝', 'others')","('睫毛', 'Miche Bloomin')","('洗顏', 'KOSE')"
4801696903,"('洗顏', 'KOSE')","('其他', 'others')","('睫毛', 'others')","('卸妝', 'BEAUTYMAKER')","('護唇', 'BEAUTYMAKER')"
5005969023,"('卸妝', 'KOSE')","('洗髮', 'KOSE')","('其他', 'BEAUTYMAKER')","('底妝', 'others')","('眼線', 'FLOWFUSHI ')"
65028154A3,"('護唇', 'BEAUTYMAKER')","('底妝', 'others')","('眼線', 'FLOWFUSHI ')","('睫毛', 'others')","('補妝', 'BEAUTYMAKER')"
5506588770,"('卸妝', 'BEAUTYMAKER')","('睫毛', 'FLOWFUSHI ')","('洗髮', 'ANGFA')","('眼線', 'FLOWFUSHI ')","('保濕', 'CureQ')"
5603477581,"('卸妝', 'KOSE')","('眼線', 'BEAUTYMAKER')","('睫毛', 'ANGFA')","('眼線', 'others')","('睫毛', 'Purish')"
65044293A4,"('美白', 'KOSE')","('睫毛', 'Miche Bloomin')","('洗髮', 'KOSE')","('睫毛', 'FLOWFUSHI ')","('其他', 'BEAUTYMAKER')"
67025740C1,"('洗顏', 'KOSE')","('遮瑕', 'DASODA')","('睫毛', 'others')","('遮瑕', 'BEAUTYMAKER')","('護唇', 'KOSE')"
5500740273,"('保濕', 'KOSE')","('睫毛', 'Miche Bloomin')","('洗髮', 'KOSE')","('補妝', 'BEAUTYMAKER')","('護唇', 'BEAUTYMAKER')"
